{
  "m": {
    "to_m": 1,
    "to_cm": 100,
    "to_in": 39.3701,
    "to_ft": 3.28084
  },
  "cm": {
    "to_m": 0.01,
    "to_cm": 1,
    "to_in": 0.393701,
    "to_ft": 0.0328084
  },
  "in": {
    "to_m": 0.0254,
    "to_cm": 2.54,
    "to_in": 1,
    "to_ft": 0.0833333
  },
  "ft": {
    "to_m": 0.3048,
    "to_cm": 30.48,
    "to_in": 12,
    "to_ft": 1
  }
}