{
  "mm": {
    "mm": 1,
    "to_m": 0.001,
    "to_cm": 0.1,
    "to_in": 0.0393701,
    "to_ft": 0.00328084,
    "to_yd": 0.001094,
    "to_km": 0.000001
  },
  "yd": {
    "to_mm": 914.4,
    "to_m": 0.9144,
    "to_cm": 91.44,
    "to_in": 36,
    "to_ft": 3,
    "to_yd": 1,
    "to_km": 0.0009144
  },
  "km": {
    "to_m": 1000,
    "to_cm": 100000,
    "to_in": 39370.1,
    "to_ft": 3280.84,
    "to_mm": 1000000,
    "to_yd":1093.61,
    "to_km": 1
  },
  "m": {
    "to_mm":1000,
    "to_yd": 1.09361,
    "to_km": 0.001
  },
  "cm": {
    "to_mm": 10,
    "to_yd": 0.010936,
    "to_km": 0.00001
  },
  "in": {
    "to_mm": 25.4,
    "to_yd": 0.0277778,
    "to_km": 0.0000254
  },
  "ft": {
    "to_mm": 304.8,
    "to_yd": 0.333333,
    "to_km": 0.0003048
  }
}